return_id,order_id,return_date,return_reason,refund_amount,refund_status
RET_00001,ORD_001464,2025-10-20,Wrong Item,161.83,Processed
RET_00002,ORD_007918,2026-01-05,,89.89,Processed
RET_00003,ORD_004236,2025-12-25,,679.3,Rejected
RET_00004,ORD_005651,2025-10-12,Changed Mind,603.34,Pending
RET_00005,ORD_002973,2025-10-16,Size Issue,181.26,Processed
RET_00006,ORD_005405,2025-12-12,Quality Issue,503.02,Rejected
RET_00007,ORD_001878,2025-10-18,Wrong Item,568.62,Processed
RET_00008,ORD_005245,2025-11-19,Quality Issue,875.48,Processed
RET_00009,ORD_006574,2025-10-20,Wrong Item,1552.66,Processed
RET_00010,ORD_002139,2025-11-08,Size Issue,763.82,Processed
RET_00011,ORD_001234,2025-11-24,Quality Issue,854.23,Processed
RET_00012,ORD_000998,2025-12-26,Size Issue,964.14,Processed
RET_00013,ORD_002473,2026-01-05,Quality Issue,804.59,Pending
RET_00014,ORD_005592,2025-11-16,Wrong Item,212.58,Processed
RET_00015,ORD_003591,2025-10-28,Size Issue,982.91,Processed
RET_00016,ORD_002101,2025-11-22,,1019.37,Rejected
RET_00017,ORD_006109,2025-12-25,Wrong Item,184.21,Pending
RET_00018,ORD_003601,2025-10-10,Wrong Item,722.51,Processed
RET_00019,ORD_001962,2025-10-20,Changed Mind,418.37,Processed
RET_00020,ORD_004944,2025-10-27,Wrong Item,298.78,Processed
RET_00021,ORD_006039,2025-12-26,Wrong Item,1002.73,Processed
RET_00022,ORD_002686,2025-10-29,Changed Mind,300.36,Processed
RET_00023,ORD_002639,2025-11-07,Defective,393.99,Pending
RET_00024,ORD_003026,2025-12-26,Wrong Item,857.38,Processed
RET_00025,ORD_006537,2025-10-26,Defective,209.28,Pending
RET_00026,ORD_005132,2025-12-31,Changed Mind,1270.19,Rejected
RET_00027,ORD_002388,2026-01-03,,679.94,Processed
RET_00028,ORD_007956,2025-10-11,Defective,681.13,Rejected
RET_00029,ORD_001674,2026-01-04,Defective,592.63,Processed
RET_00030,ORD_003204,2025-12-06,Wrong Item,542.82,Processed
RET_00031,ORD_001788,2025-10-25,Changed Mind,335.48,Processed
RET_00032,ORD_005663,2025-12-13,Defective,660.25,Processed
RET_00033,ORD_000601,2025-11-07,,524.58,Rejected
RET_00034,ORD_005062,2025-11-14,Wrong Item,711.09,Processed
RET_00035,ORD_007166,2025-11-05,Wrong Item,1392.89,Pending
RET_00036,ORD_000363,2025-11-22,,1030.3,Rejected
RET_00037,ORD_007904,2025-11-07,,107.04,Pending
RET_00038,ORD_003663,2025-11-23,Defective,350.65,Rejected
RET_00039,ORD_003635,2025-12-16,Changed Mind,322.29,Pending
RET_00040,ORD_002403,2025-12-05,Wrong Item,511.9,Processed
RET_00041,ORD_001493,2025-11-03,Changed Mind,1131.69,Processed
RET_00042,ORD_007700,2025-12-03,Quality Issue,910.76,Rejected
RET_00043,ORD_003579,2025-11-21,Size Issue,342.15,Processed
RET_00044,ORD_002750,2025-10-18,Size Issue,1182.3,Processed
RET_00045,ORD_004637,2025-11-07,Changed Mind,1035.47,Processed
RET_00046,ORD_000375,2025-10-30,Quality Issue,954.96,Processed
RET_00047,ORD_006908,2025-10-27,Changed Mind,1789.72,Pending
RET_00048,ORD_005553,2025-10-16,Quality Issue,333.0,Processed
RET_00049,ORD_002673,2025-12-30,,134.71,Processed
RET_00050,ORD_002263,2025-12-14,Defective,983.6,Processed
RET_00051,ORD_003262,2025-10-31,Wrong Item,853.01,Pending
RET_00052,ORD_007959,2025-12-31,,1062.69,Processed
RET_00053,ORD_002862,2025-10-14,Quality Issue,1660.54,Processed
RET_00054,ORD_001288,2025-12-25,Defective,1302.71,Rejected
RET_00055,ORD_006102,2025-12-03,Quality Issue,1003.22,Processed
RET_00056,ORD_001596,2025-11-23,Wrong Item,756.5,Processed
RET_00057,ORD_003317,2025-11-16,Defective,1181.38,Processed
RET_00058,ORD_002060,2025-12-30,Wrong Item,188.72,Processed
RET_00059,ORD_006685,2025-11-12,Quality Issue,561.21,Pending
RET_00060,ORD_005289,2025-12-04,Wrong Item,922.27,Rejected
RET_00061,ORD_004176,2025-10-16,Defective,229.86,Processed
RET_00062,ORD_000075,2025-12-01,Wrong Item,1442.05,Processed
RET_00063,ORD_001987,2026-01-10,Changed Mind,1338.67,Processed
RET_00064,ORD_004204,2025-12-31,Quality Issue,282.1,Processed
RET_00065,ORD_001741,2025-11-23,Changed Mind,1495.21,Processed
RET_00066,ORD_007696,2025-11-21,Defective,538.15,Pending
RET_00067,ORD_007141,2025-12-15,Quality Issue,1201.01,Processed
RET_00068,ORD_004436,2025-11-13,,645.26,Processed
RET_00069,ORD_005610,2025-12-10,Quality Issue,882.52,Pending
RET_00070,ORD_003173,2026-01-06,Wrong Item,744.94,Processed
RET_00071,ORD_002970,2026-01-05,Changed Mind,64.34,Pending
RET_00072,ORD_004892,2025-11-19,,986.46,Pending
RET_00073,ORD_005193,2025-11-27,Quality Issue,1073.21,Pending
RET_00074,ORD_001720,2025-12-03,,68.3,Processed
RET_00075,ORD_006702,2025-11-29,Size Issue,385.73,Processed
RET_00076,ORD_000101,2025-10-28,Defective,105.77,Processed
RET_00077,ORD_006479,2025-12-24,Defective,972.68,Processed
RET_00078,ORD_007820,2025-11-28,Quality Issue,269.46,Processed
RET_00079,ORD_001457,2025-12-19,Wrong Item,1897.44,Pending
RET_00080,ORD_000004,2026-01-11,Wrong Item,206.3,Processed
RET_00081,ORD_003480,2025-11-06,,431.22,Rejected
RET_00082,ORD_000766,2025-11-03,Changed Mind,1160.56,Rejected
RET_00083,ORD_005589,2025-12-17,,1388.52,Processed
RET_00084,ORD_002765,2025-11-12,,693.1,Processed
RET_00085,ORD_005800,2025-12-15,Changed Mind,595.33,Processed
RET_00086,ORD_004863,2025-11-09,Size Issue,919.83,Processed
RET_00087,ORD_001136,2025-11-20,Size Issue,723.27,Pending
RET_00088,ORD_001023,2025-11-28,Wrong Item,823.12,Pending
RET_00089,ORD_006804,2025-12-14,Defective,827.35,Processed
RET_00090,ORD_002990,2025-12-14,Size Issue,195.7,Processed
RET_00091,ORD_006151,2025-11-09,Wrong Item,559.08,Processed
RET_00092,ORD_000581,2026-01-07,,164.21,Processed
RET_00093,ORD_003047,2025-12-25,Changed Mind,260.04,Processed
RET_00094,ORD_000125,2025-11-30,Quality Issue,1360.9,Processed
RET_00095,ORD_001630,2025-11-04,Wrong Item,693.61,Processed
RET_00096,ORD_007460,2026-01-12,Changed Mind,745.35,Processed
RET_00097,ORD_005408,2025-12-17,Wrong Item,1658.24,Pending
RET_00098,ORD_003071,2025-11-14,Changed Mind,692.08,Processed
RET_00099,ORD_003514,2025-12-09,Wrong Item,173.88,Processed
RET_00100,ORD_004783,2025-12-28,Size Issue,529.78,Rejected
RET_00101,ORD_001604,2026-01-06,Wrong Item,655.42,Processed
RET_00102,ORD_002034,2025-12-26,Defective,243.73,Processed
RET_00103,ORD_001057,2025-11-04,Quality Issue,373.64,Processed
RET_00104,ORD_003522,2025-10-14,Size Issue,639.61,Processed
RET_00105,ORD_006322,2025-10-14,Changed Mind,431.16,Processed
RET_00106,ORD_007179,2025-12-20,,774.1,Processed
RET_00107,ORD_004693,2025-12-07,Quality Issue,91.06,Processed
RET_00108,ORD_001551,2025-12-06,Size Issue,139.05,Processed
RET_00109,ORD_001651,2025-12-13,Size Issue,839.01,Rejected
RET_00110,ORD_007299,2025-12-10,Quality Issue,1083.76,Pending
RET_00111,ORD_000682,2025-11-03,Changed Mind,379.55,Processed
RET_00112,ORD_007571,2025-12-05,Defective,40.7,Pending
RET_00113,ORD_002062,2025-11-30,Quality Issue,637.39,Pending
RET_00114,ORD_000220,2025-12-29,,47.45,Processed
RET_00115,ORD_002747,2025-12-04,Quality Issue,1109.43,Processed
RET_00116,ORD_007650,2025-12-12,Changed Mind,325.06,Processed
RET_00117,ORD_000453,2025-12-20,Wrong Item,878.6,Pending
RET_00118,ORD_004768,2026-01-01,Changed Mind,69.52,Processed
RET_00119,ORD_005043,2026-01-07,Wrong Item,758.7,Processed
RET_00120,ORD_000711,2026-01-03,Defective,468.19,Processed
RET_00121,ORD_001585,2025-12-16,Defective,332.18,Rejected
RET_00122,ORD_001157,2026-01-07,Changed Mind,101.54,Processed
RET_00123,ORD_002447,2025-11-03,Quality Issue,101.98,Rejected
RET_00124,ORD_003974,2025-12-04,Wrong Item,138.33,Pending
RET_00125,ORD_004766,2025-10-20,,836.77,Processed
RET_00126,ORD_001823,2025-12-21,Defective,1052.23,Pending
RET_00127,ORD_002687,2025-12-09,,673.25,Pending
RET_00128,ORD_006001,2025-11-04,,1270.66,Pending
RET_00129,ORD_001949,2025-10-20,,576.44,Pending
RET_00130,ORD_004403,2026-01-01,Size Issue,282.2,Processed
RET_00131,ORD_003163,2026-01-02,Quality Issue,553.36,Processed
RET_00132,ORD_001399,2025-12-31,Defective,346.93,Rejected
RET_00133,ORD_004121,2025-10-27,Size Issue,769.38,Processed
RET_00134,ORD_005750,2025-12-08,Wrong Item,636.88,Processed
RET_00135,ORD_000785,2025-12-05,Quality Issue,1004.68,Rejected
RET_00136,ORD_005797,2025-12-22,Changed Mind,491.53,Processed
RET_00137,ORD_003827,2025-12-24,Changed Mind,1016.2,Processed
RET_00138,ORD_006811,2025-11-27,,1382.76,Processed
RET_00139,ORD_001231,2025-12-16,Size Issue,420.17,Rejected
RET_00140,ORD_000630,2025-11-08,,1166.04,Processed
RET_00141,ORD_003762,2025-12-17,Defective,303.46,Processed
RET_00142,ORD_000705,2025-11-28,Changed Mind,931.3,Processed
RET_00143,ORD_000942,2025-12-14,Wrong Item,620.7,Processed
RET_00144,ORD_006054,2026-01-03,Wrong Item,740.9,Processed
RET_00145,ORD_001040,2025-12-18,Quality Issue,527.48,Processed
RET_00146,ORD_005985,2025-10-22,Size Issue,678.44,Rejected
RET_00147,ORD_000985,2025-12-09,Size Issue,130.4,Processed
RET_00148,ORD_006588,2026-01-10,Changed Mind,130.94,Pending
RET_00149,ORD_003206,2025-11-09,,539.87,Processed
RET_00150,ORD_006385,2025-12-24,Wrong Item,1714.22,Pending
RET_00151,ORD_004995,2025-10-19,Defective,850.55,Processed
RET_00152,ORD_005509,2025-11-17,Changed Mind,514.49,Processed
RET_00153,ORD_002959,2025-12-12,Size Issue,955.01,Pending
RET_00154,ORD_002759,2025-10-20,Size Issue,1240.07,Processed
RET_00155,ORD_000737,2025-11-03,Defective,1076.91,Pending
RET_00156,ORD_001548,2025-10-18,Wrong Item,860.87,Processed
RET_00157,ORD_005104,2025-11-01,Defective,1305.18,Processed
RET_00158,ORD_000489,2025-12-17,Wrong Item,463.15,Processed
RET_00159,ORD_007751,2026-01-06,Size Issue,597.24,Processed
RET_00160,ORD_004893,2025-11-02,Defective,918.23,Pending
RET_00161,ORD_007910,2025-10-31,,882.93,Processed
RET_00162,ORD_005953,2025-12-20,,936.41,Processed
RET_00163,ORD_007508,2025-12-22,Size Issue,150.53,Processed
RET_00164,ORD_002980,2025-12-25,Changed Mind,1228.57,Processed
RET_00165,ORD_004300,2026-01-07,Defective,837.42,Pending
RET_00166,ORD_005083,2025-11-25,Defective,500.25,Processed
RET_00167,ORD_006376,2025-11-05,,913.32,Processed
RET_00168,ORD_000873,2025-10-21,Changed Mind,219.21,Processed
RET_00169,ORD_002784,2025-10-27,Defective,648.21,Processed
RET_00170,ORD_006090,2026-01-04,Size Issue,461.69,Rejected
RET_00171,ORD_007121,2025-10-27,,846.31,Processed
RET_00172,ORD_007342,2025-10-27,,1192.86,Pending
RET_00173,ORD_005374,2025-11-06,Defective,997.92,Processed
RET_00174,ORD_007406,2025-11-02,Wrong Item,379.42,Processed
RET_00175,ORD_000206,2025-11-07,Wrong Item,973.62,Processed
RET_00176,ORD_007136,2025-12-29,Defective,1692.09,Rejected
RET_00177,ORD_006587,2025-10-23,Defective,980.29,Processed
RET_00178,ORD_005894,2025-12-14,,1273.26,Pending
RET_00179,ORD_002530,2025-11-02,Size Issue,1542.79,Processed
RET_00180,ORD_002511,2025-10-12,Wrong Item,982.57,Processed
RET_00181,ORD_000794,2025-11-23,Quality Issue,146.86,Pending
RET_00182,ORD_004047,2025-12-24,,1020.09,Processed
RET_00183,ORD_006406,2025-10-28,Changed Mind,869.2,Processed
RET_00184,ORD_004021,2025-12-10,Wrong Item,182.31,Processed
RET_00185,ORD_007124,2026-01-02,Changed Mind,566.65,Pending
RET_00186,ORD_004059,2025-12-14,Changed Mind,1231.44,Processed
RET_00187,ORD_003229,2025-12-24,Size Issue,1432.23,Processed
RET_00188,ORD_001349,2026-01-05,Defective,623.63,Processed
RET_00189,ORD_002589,2025-12-23,,719.31,Processed
RET_00190,ORD_001600,2025-10-20,Size Issue,647.46,Processed
RET_00191,ORD_004175,2025-11-23,Size Issue,565.3,Pending
RET_00192,ORD_004154,2025-12-02,,53.0,Pending
RET_00193,ORD_006345,2025-12-26,,1239.43,Processed
RET_00194,ORD_007812,2025-12-22,Changed Mind,217.57,Pending
RET_00195,ORD_000438,2025-11-06,Quality Issue,839.2,Pending
RET_00196,ORD_000659,2025-10-21,Size Issue,672.66,Pending
RET_00197,ORD_000372,2025-10-19,Quality Issue,323.07,Pending
RET_00198,ORD_001414,2025-11-19,Changed Mind,747.78,Rejected
RET_00199,ORD_001759,2025-11-25,Wrong Item,851.28,Rejected
RET_00200,ORD_000876,2026-01-09,Wrong Item,314.85,Processed
RET_00201,ORD_003498,2025-10-28,Defective,928.09,Processed
RET_00202,ORD_002346,2025-10-24,Defective,1086.1,Rejected
RET_00203,ORD_006083,2025-12-01,Size Issue,131.0,Processed
RET_00204,ORD_002243,2025-11-12,Quality Issue,490.06,Processed
RET_00205,ORD_000070,2025-12-02,Size Issue,1168.71,Pending
RET_00206,ORD_000755,2025-12-25,,234.75,Processed
RET_00207,ORD_003403,2025-11-25,Changed Mind,164.69,Processed
RET_00208,ORD_004066,2025-10-23,,1525.06,Processed
RET_00209,ORD_001676,2025-11-08,,941.73,Processed
RET_00210,ORD_005170,2025-12-11,Wrong Item,1457.14,Pending
RET_00211,ORD_005903,2025-11-24,Size Issue,409.12,Processed
RET_00212,ORD_004902,2025-11-20,,305.61,Pending
RET_00213,ORD_000032,2025-10-23,Wrong Item,976.53,Processed
RET_00214,ORD_001075,2025-12-02,Size Issue,426.59,Processed
RET_00215,ORD_004259,2025-12-28,Quality Issue,1076.71,Processed
RET_00216,ORD_000821,2026-01-09,Changed Mind,1194.13,Processed
RET_00217,ORD_005942,2025-12-21,Changed Mind,615.0,Processed
RET_00218,ORD_007409,2025-12-09,,1464.41,Processed
RET_00219,ORD_003127,2025-12-07,Changed Mind,582.65,Processed
RET_00220,ORD_007573,2025-12-27,Quality Issue,1447.81,Processed
RET_00221,ORD_005819,2025-11-07,Size Issue,770.6,Processed
RET_00222,ORD_003098,2025-11-07,Wrong Item,667.46,Processed
RET_00223,ORD_001631,2025-11-14,Quality Issue,833.6,Processed
RET_00224,ORD_000973,2025-12-05,Size Issue,564.64,Processed
RET_00225,ORD_003482,2025-12-10,Defective,831.59,Processed
RET_00226,ORD_004602,2025-11-11,Defective,1395.83,Processed
RET_00227,ORD_006455,2025-11-23,Quality Issue,1446.83,Processed
RET_00228,ORD_007952,2025-11-15,Quality Issue,640.26,Processed
RET_00229,ORD_004501,2026-01-01,,434.13,Pending
RET_00230,ORD_004964,2025-12-16,,902.51,Processed
RET_00231,ORD_005803,2025-12-21,Wrong Item,264.72,Processed
RET_00232,ORD_007963,2026-01-10,,808.78,Rejected
RET_00233,ORD_005235,2025-12-01,Size Issue,958.53,Rejected
RET_00234,ORD_004735,2025-10-20,Defective,1273.01,Processed
RET_00235,ORD_003938,2025-10-30,Size Issue,702.84,Rejected
RET_00236,ORD_001671,2025-11-13,Defective,498.12,Processed
RET_00237,ORD_001924,2025-11-22,Quality Issue,626.47,Processed
RET_00238,ORD_005149,2026-01-10,,858.18,Pending
RET_00239,ORD_002654,2025-11-04,Size Issue,453.13,Processed
RET_00240,ORD_001281,2025-11-04,,451.85,Rejected
RET_00241,ORD_005442,2025-10-16,Size Issue,708.78,Pending
RET_00242,ORD_001665,2025-12-09,Size Issue,1459.33,Processed
RET_00243,ORD_003927,2025-11-19,Defective,1058.21,Processed
RET_00244,ORD_002151,2025-12-31,Wrong Item,695.41,Processed
RET_00245,ORD_002608,2025-10-14,Size Issue,174.0,Processed
RET_00246,ORD_003944,2025-12-16,Wrong Item,575.5,Pending
RET_00247,ORD_003118,2026-01-05,,1037.29,Processed
RET_00248,ORD_006349,2025-11-09,Defective,594.44,Pending
RET_00249,ORD_003894,2025-12-22,Defective,850.04,Processed
RET_00250,ORD_003664,2025-11-11,Defective,1578.39,Processed
RET_00251,ORD_001262,2025-12-10,Quality Issue,860.16,Processed
RET_00252,ORD_006824,2025-12-18,,753.54,Processed
RET_00253,ORD_000428,2025-10-17,Defective,427.13,Processed
RET_00254,ORD_007503,2026-01-02,Defective,702.54,Pending
RET_00255,ORD_007998,2025-11-19,Quality Issue,917.6,Processed
RET_00256,ORD_003077,2025-10-17,,323.42,Processed
RET_00257,ORD_004168,2025-12-16,Defective,660.64,Processed
RET_00258,ORD_001780,2025-11-09,Defective,648.55,Processed
RET_00259,ORD_007256,2025-12-01,Changed Mind,1180.43,Processed
RET_00260,ORD_002232,2025-12-26,Size Issue,345.42,Processed
RET_00261,ORD_000790,2025-11-07,Defective,1196.84,Processed
RET_00262,ORD_003513,2025-11-09,Changed Mind,1094.15,Processed
RET_00263,ORD_003458,2025-10-20,Wrong Item,49.14,Processed
RET_00264,ORD_001459,2025-10-20,,999.0,Processed
RET_00265,ORD_002005,2025-11-23,Changed Mind,186.85,Pending
RET_00266,ORD_007078,2025-11-09,Defective,667.36,Pending
RET_00267,ORD_003844,2025-12-15,Quality Issue,935.54,Processed
RET_00268,ORD_002153,2025-11-25,Changed Mind,415.04,Processed
RET_00269,ORD_007117,2025-12-27,Size Issue,970.56,Processed
RET_00270,ORD_000709,2025-12-27,,471.95,Processed
RET_00271,ORD_005089,2025-11-30,Quality Issue,505.3,Rejected
RET_00272,ORD_002443,2025-10-14,,54.75,Pending
RET_00273,ORD_005256,2026-01-10,Wrong Item,226.91,Pending
RET_00274,ORD_005997,2025-12-17,Wrong Item,1236.42,Processed
RET_00275,ORD_005401,2025-11-23,Quality Issue,697.0,Processed
RET_00276,ORD_004692,2025-12-19,,745.17,Processed
RET_00277,ORD_007702,2025-10-21,Size Issue,1857.39,Pending
RET_00278,ORD_006819,2025-11-17,,1421.04,Pending
RET_00279,ORD_004485,2025-10-22,Size Issue,1556.52,Rejected
RET_00280,ORD_002261,2025-11-30,Quality Issue,1364.11,Processed
RET_00281,ORD_005481,2025-12-29,Size Issue,930.99,Processed
RET_00282,ORD_003435,2025-11-02,Quality Issue,472.34,Rejected
RET_00283,ORD_004286,2025-12-23,Changed Mind,197.56,Pending
RET_00284,ORD_000315,2025-11-19,Defective,1000.08,Processed
RET_00285,ORD_003920,2025-10-22,,538.69,Processed
RET_00286,ORD_000958,2025-11-02,Defective,62.28,Processed
RET_00287,ORD_003256,2025-12-20,Wrong Item,186.35,Processed
RET_00288,ORD_006937,2025-11-07,Wrong Item,333.93,Processed
RET_00289,ORD_006162,2025-12-11,Size Issue,1885.02,Processed
RET_00290,ORD_006644,2025-10-20,Wrong Item,932.17,Processed
RET_00291,ORD_002407,2025-12-13,Quality Issue,606.04,Processed
RET_00292,ORD_000555,2025-11-16,Changed Mind,239.2,Processed
RET_00293,ORD_007839,2025-11-28,Changed Mind,872.98,Pending
RET_00294,ORD_007515,2025-12-10,Wrong Item,84.96,Pending
RET_00295,ORD_003995,2026-01-08,,769.55,Rejected
RET_00296,ORD_000506,2025-11-03,Quality Issue,126.74,Rejected
RET_00297,ORD_005688,2025-12-16,Size Issue,616.34,Pending
RET_00298,ORD_005846,2025-10-24,Defective,789.49,Pending
RET_00299,ORD_002299,2025-11-19,Quality Issue,84.84,Processed
RET_00300,ORD_007662,2026-01-01,,638.33,Processed
RET_00301,ORD_000005,2025-11-20,Changed Mind,615.12,Processed
RET_00302,ORD_003121,2025-11-23,Defective,985.37,Processed
RET_00303,ORD_006857,2025-11-21,Wrong Item,226.3,Pending
RET_00304,ORD_003453,2025-10-26,Changed Mind,606.55,Processed
RET_00305,ORD_000930,2025-12-08,Size Issue,727.76,Processed
RET_00306,ORD_000413,2025-12-28,Quality Issue,609.87,Processed
RET_00307,ORD_007493,2025-12-31,,1315.49,Processed
RET_00308,ORD_003653,2025-11-22,,178.76,Processed
RET_00309,ORD_005555,2026-01-05,Defective,1234.68,Processed
RET_00310,ORD_000177,2026-01-06,Quality Issue,428.63,Rejected
RET_00311,ORD_003870,2025-12-11,,670.4,Processed
RET_00312,ORD_005624,2025-10-14,Quality Issue,780.13,Processed
RET_00313,ORD_004254,2025-10-28,Changed Mind,1061.21,Processed
RET_00314,ORD_004869,2025-11-02,Quality Issue,525.4,Processed
RET_00315,ORD_006747,2025-10-26,,1066.13,Processed
RET_00316,ORD_002311,2025-11-11,Changed Mind,555.16,Pending
RET_00317,ORD_003700,2025-11-01,,66.5,Processed
RET_00318,ORD_005031,2025-12-04,Quality Issue,749.63,Rejected
RET_00319,ORD_005024,2025-12-14,Quality Issue,1056.41,Rejected
RET_00320,ORD_004840,2026-01-10,Defective,944.16,Processed
RET_00321,ORD_006049,2025-11-13,Quality Issue,193.3,Processed
RET_00322,ORD_004417,2025-11-10,Defective,1061.53,Processed
RET_00323,ORD_007458,2026-01-05,,340.03,Processed
RET_00324,ORD_001118,2025-12-20,Changed Mind,1262.37,Processed
RET_00325,ORD_003568,2025-11-04,Quality Issue,1275.3,Processed
RET_00326,ORD_004400,2025-12-15,,186.55,Rejected
RET_00327,ORD_005517,2025-12-24,,89.64,Processed
RET_00328,ORD_005398,2025-11-26,Size Issue,914.79,Rejected
RET_00329,ORD_006008,2025-11-19,Changed Mind,141.94,Processed
RET_00330,ORD_001152,2025-11-17,Quality Issue,1004.12,Processed
RET_00331,ORD_007932,2025-10-13,Wrong Item,1277.6,Processed
RET_00332,ORD_002768,2025-11-15,Quality Issue,80.29,Pending
RET_00333,ORD_006678,2025-11-12,Size Issue,368.03,Pending
RET_00334,ORD_002863,2025-11-22,Quality Issue,871.74,Rejected
RET_00335,ORD_007232,2026-01-05,Defective,282.35,Processed
RET_00336,ORD_000550,2025-12-09,,609.97,Pending
RET_00337,ORD_005220,2025-12-11,Size Issue,299.29,Processed
RET_00338,ORD_004679,2025-12-07,,1482.08,Processed
RET_00339,ORD_007104,2025-12-26,Size Issue,315.04,Processed
RET_00340,ORD_005563,2025-11-30,Size Issue,793.69,Processed
RET_00341,ORD_002206,2025-12-09,Changed Mind,671.23,Processed
RET_00342,ORD_001488,2025-11-20,Size Issue,530.16,Processed
RET_00343,ORD_001120,2025-11-03,Changed Mind,83.81,Rejected
RET_00344,ORD_002983,2025-11-12,Quality Issue,1044.18,Processed
RET_00345,ORD_003313,2025-12-04,Quality Issue,572.06,Pending
RET_00346,ORD_000255,2025-11-07,Wrong Item,344.55,Pending
RET_00347,ORD_006664,2025-10-18,Defective,1250.97,Processed
RET_00348,ORD_002636,2025-12-04,Size Issue,1105.97,Processed
RET_00349,ORD_003418,2026-01-04,Defective,338.97,Pending
RET_00350,ORD_007004,2025-11-23,,695.61,Processed
RET_00351,ORD_004726,2025-11-27,,275.47,Processed
RET_00352,ORD_000738,2025-10-29,Changed Mind,241.4,Processed
RET_00353,ORD_005412,2025-12-16,,361.63,Pending
RET_00354,ORD_007769,2025-10-23,Wrong Item,1223.41,Pending
RET_00355,ORD_005608,2025-10-28,Quality Issue,1049.7,Processed
RET_00356,ORD_003660,2025-12-04,Changed Mind,62.84,Processed
RET_00357,ORD_007112,2025-11-09,Defective,630.35,Processed
RET_00358,ORD_004898,2025-12-04,Changed Mind,727.2,Processed
RET_00359,ORD_003264,2025-11-14,Changed Mind,640.51,Processed
RET_00360,ORD_001713,2025-10-15,Changed Mind,381.52,Pending
RET_00361,ORD_003822,2025-12-27,Quality Issue,108.26,Processed
RET_00362,ORD_001041,2025-11-09,Changed Mind,893.77,Processed
RET_00363,ORD_006261,2025-11-21,,525.13,Processed
RET_00364,ORD_006789,2025-11-03,,822.49,Processed
RET_00365,ORD_001054,2026-01-08,,520.25,Processed
RET_00366,ORD_005902,2025-11-23,Defective,747.58,Processed
RET_00367,ORD_006687,2025-12-13,Size Issue,952.97,Processed
RET_00368,ORD_004666,2025-11-16,Changed Mind,152.03,Processed
RET_00369,ORD_004864,2025-11-13,Wrong Item,201.16,Processed
RET_00370,ORD_002455,2025-11-10,Quality Issue,227.68,Pending
RET_00371,ORD_001113,2025-10-28,Wrong Item,1200.05,Rejected
RET_00372,ORD_006329,2025-11-17,,1325.76,Rejected
RET_00373,ORD_004357,2025-11-01,Defective,1768.63,Processed
RET_00374,ORD_002997,2025-12-18,Defective,344.17,Rejected
RET_00375,ORD_006565,2025-12-21,Defective,774.22,Pending
RET_00376,ORD_003611,2025-10-15,Quality Issue,1383.0,Rejected
RET_00377,ORD_006366,2025-12-21,Size Issue,318.08,Processed
RET_00378,ORD_006418,2025-12-07,,405.69,Processed
RET_00379,ORD_004342,2025-11-23,,1279.82,Processed
RET_00380,ORD_002444,2025-10-14,,1133.67,Pending
RET_00381,ORD_000216,2025-10-21,Changed Mind,51.25,Processed
RET_00382,ORD_000624,2025-10-15,Quality Issue,1300.75,Processed
RET_00383,ORD_000741,2025-10-14,Quality Issue,424.76,Processed
RET_00384,ORD_002888,2025-10-13,Defective,662.0,Pending
RET_00385,ORD_005823,2025-10-23,Quality Issue,1335.71,Processed
RET_00386,ORD_004698,2025-12-31,Changed Mind,385.39,Pending
RET_00387,ORD_005364,2025-12-03,Wrong Item,761.21,Processed
RET_00388,ORD_002325,2025-11-18,Changed Mind,1078.59,Processed
RET_00389,ORD_001413,2025-11-24,Defective,88.33,Pending
RET_00390,ORD_006053,2025-12-30,Wrong Item,1533.13,Processed
RET_00391,ORD_000365,2026-01-02,Size Issue,887.07,Processed
RET_00392,ORD_002832,2025-12-11,,209.28,Pending
RET_00393,ORD_000173,2025-11-25,Size Issue,758.94,Processed
RET_00394,ORD_000763,2025-10-29,Defective,420.43,Processed
RET_00395,ORD_005506,2025-10-31,Size Issue,1025.63,Processed
RET_00396,ORD_003106,2025-10-16,Changed Mind,249.9,Rejected
RET_00397,ORD_005312,2025-10-19,Wrong Item,663.91,Processed
RET_00398,ORD_001594,2025-12-29,Changed Mind,587.3,Processed
RET_00399,ORD_007780,2025-11-30,Size Issue,827.31,Processed
RET_00400,ORD_001821,2025-10-21,Changed Mind,953.87,Rejected
RET_00401,ORD_006909,2025-12-25,Wrong Item,372.02,Processed
RET_00402,ORD_000874,2025-12-12,Size Issue,635.1,Processed
RET_00403,ORD_006193,2025-10-23,,529.25,Pending
RET_00404,ORD_006146,2026-01-11,,1028.72,Pending
RET_00405,ORD_005198,2025-12-19,Changed Mind,808.2,Processed
RET_00406,ORD_006891,2025-11-09,Defective,170.91,Processed
RET_00407,ORD_007823,2025-11-13,Quality Issue,494.76,Processed
RET_00408,ORD_007572,2026-01-03,Wrong Item,81.69,Processed
RET_00409,ORD_002678,2025-10-22,Changed Mind,99.86,Pending
RET_00410,ORD_006306,2025-10-20,Defective,294.58,Processed
RET_00411,ORD_005864,2025-11-26,Quality Issue,325.52,Processed
RET_00412,ORD_005101,2026-01-03,Quality Issue,467.36,Processed
RET_00413,ORD_003882,2025-12-07,Defective,59.12,Processed
RET_00414,ORD_000448,2025-10-22,Size Issue,1054.35,Processed
RET_00415,ORD_002222,2025-11-11,Defective,331.82,Processed
RET_00416,ORD_001444,2025-10-13,Quality Issue,186.2,Pending
RET_00417,ORD_007055,2025-12-15,Changed Mind,178.52,Pending
RET_00418,ORD_005568,2025-11-04,Wrong Item,1194.97,Processed
RET_00419,ORD_006346,2025-11-26,Quality Issue,1142.26,Processed
RET_00420,ORD_004815,2025-12-04,Wrong Item,709.05,Rejected
RET_00421,ORD_000306,2025-12-21,,653.39,Processed
RET_00422,ORD_004028,2025-11-15,Defective,181.91,Processed
RET_00423,ORD_004805,2025-10-20,Wrong Item,1646.69,Processed
RET_00424,ORD_006613,2026-01-03,Defective,1040.69,Processed
RET_00425,ORD_007907,2025-12-11,Size Issue,1416.17,Processed
RET_00426,ORD_000935,2025-10-25,Defective,615.48,Rejected
RET_00427,ORD_006311,2025-10-27,Defective,1730.09,Processed
RET_00428,ORD_007540,2025-11-07,Quality Issue,782.0,Rejected
RET_00429,ORD_005673,2025-11-24,,357.85,Pending
RET_00430,ORD_001917,2025-11-21,,326.94,Processed
RET_00431,ORD_006360,2025-11-13,,212.98,Processed
RET_00432,ORD_003234,2025-12-18,Defective,693.13,Processed
RET_00433,ORD_006225,2025-10-15,Defective,150.61,Processed
RET_00434,ORD_001598,2025-12-10,Changed Mind,483.27,Pending
RET_00435,ORD_007228,2026-01-04,Wrong Item,141.7,Pending
RET_00436,ORD_005734,2025-12-31,Wrong Item,555.53,Rejected
RET_00437,ORD_001042,2025-11-05,Size Issue,972.02,Processed
RET_00438,ORD_001219,2025-11-13,Changed Mind,775.69,Processed
RET_00439,ORD_001225,2026-01-04,,570.2,Processed
RET_00440,ORD_006846,2025-10-15,,325.64,Processed
RET_00441,ORD_002022,2025-12-01,,804.42,Processed
RET_00442,ORD_006940,2025-10-30,Defective,1363.61,Processed
RET_00443,ORD_000250,2025-11-27,,671.22,Processed
RET_00444,ORD_002129,2025-12-21,Size Issue,887.83,Processed
RET_00445,ORD_004982,2025-11-30,Quality Issue,305.58,Processed
RET_00446,ORD_002824,2025-11-03,,274.17,Processed
RET_00447,ORD_006107,2025-10-27,Defective,465.32,Pending
RET_00448,ORD_003183,2025-12-23,Quality Issue,910.9,Processed
RET_00449,ORD_001425,2025-11-06,Quality Issue,75.87,Processed
RET_00450,ORD_007196,2025-11-29,Quality Issue,28.83,Pending
RET_00451,ORD_003261,2025-10-31,Changed Mind,406.38,Pending
RET_00452,ORD_006388,2025-10-14,Wrong Item,467.88,Processed
RET_00453,ORD_006417,2025-12-25,Wrong Item,639.84,Pending
RET_00454,ORD_005070,2025-12-16,Changed Mind,419.88,Pending
RET_00455,ORD_004197,2025-10-21,Changed Mind,999.66,Pending
RET_00456,ORD_007514,2025-10-24,Wrong Item,789.6,Rejected
RET_00457,ORD_000414,2025-10-22,Defective,212.81,Processed
RET_00458,ORD_006575,2025-10-27,Defective,416.76,Processed
RET_00459,ORD_007076,2025-11-14,Quality Issue,104.27,Processed
RET_00460,ORD_000557,2025-12-13,Changed Mind,765.08,Processed
RET_00461,ORD_004532,2025-12-03,,109.43,Processed
RET_00462,ORD_007848,2025-12-26,Quality Issue,158.6,Pending
RET_00463,ORD_003969,2025-10-29,Defective,964.73,Rejected
RET_00464,ORD_007997,2025-12-21,,499.21,Pending
RET_00465,ORD_004212,2026-01-05,Changed Mind,1535.63,Pending
RET_00466,ORD_002149,2025-12-11,Quality Issue,1158.45,Processed
RET_00467,ORD_005259,2025-11-13,Size Issue,494.45,Processed
RET_00468,ORD_005355,2025-11-15,,1548.02,Processed
RET_00469,ORD_002853,2025-11-25,Defective,366.34,Pending
RET_00470,ORD_004141,2025-12-12,,720.59,Processed
RET_00471,ORD_004519,2025-11-13,Defective,505.17,Processed
RET_00472,ORD_001629,2025-11-17,Defective,418.26,Processed
RET_00473,ORD_002314,2025-12-01,Changed Mind,820.75,Pending
RET_00474,ORD_004423,2025-11-18,Wrong Item,809.95,Processed
RET_00475,ORD_003751,2025-11-29,Wrong Item,1596.47,Rejected
RET_00476,ORD_002103,2025-12-25,,399.95,Processed
RET_00477,ORD_005913,2025-11-02,Size Issue,1003.46,Processed
RET_00478,ORD_004546,2025-10-31,Quality Issue,792.34,Pending
RET_00479,ORD_001688,2025-12-02,Wrong Item,1496.24,Processed
RET_00480,ORD_006128,2025-11-20,Quality Issue,244.55,Pending
RET_00481,ORD_005373,2025-12-29,Changed Mind,1058.13,Rejected
RET_00482,ORD_000522,2025-10-16,Changed Mind,278.1,Processed
RET_00483,ORD_004408,2025-11-05,Wrong Item,734.53,Processed
RET_00484,ORD_002059,2025-11-19,Changed Mind,923.35,Pending
RET_00485,ORD_005365,2025-11-25,Size Issue,242.55,Pending
RET_00486,ORD_003819,2025-12-11,Quality Issue,791.52,Processed
RET_00487,ORD_007132,2025-12-06,,976.02,Processed
RET_00488,ORD_000249,2025-12-23,Defective,1470.18,Processed
RET_00489,ORD_003913,2025-10-20,Quality Issue,902.21,Processed
RET_00490,ORD_001919,2025-11-30,Size Issue,61.27,Processed
RET_00491,ORD_003711,2025-11-28,Quality Issue,940.4,Pending
RET_00492,ORD_003099,2025-10-31,Quality Issue,1280.69,Processed
RET_00493,ORD_001940,2025-10-16,Wrong Item,1383.03,Processed
RET_00494,ORD_004953,2025-12-18,Defective,185.2,Processed
RET_00495,ORD_007438,2025-11-11,Wrong Item,343.99,Processed
RET_00496,ORD_004981,2025-12-27,Quality Issue,1415.09,Processed
RET_00497,ORD_004499,2025-10-28,,110.13,Processed
RET_00498,ORD_007935,2025-11-09,Defective,801.04,Processed
RET_00499,ORD_005262,2025-11-18,Changed Mind,1363.3,Rejected
RET_00500,ORD_001364,2025-11-27,Changed Mind,894.73,Rejected
RET_00501,ORD_000049,2025-12-10,Defective,1217.61,Rejected
RET_00502,ORD_006197,2025-11-01,Quality Issue,417.39,Processed
RET_00503,ORD_003774,2025-11-08,,587.75,Processed
RET_00504,ORD_002697,2025-12-07,Wrong Item,597.2,Processed
RET_00505,ORD_006462,2025-12-14,Defective,138.63,Processed
RET_00506,ORD_006055,2025-10-25,Wrong Item,1277.75,Processed
RET_00507,ORD_003667,2025-12-16,Changed Mind,951.3,Pending
RET_00508,ORD_003272,2025-11-23,Wrong Item,743.92,Processed
RET_00509,ORD_006709,2025-11-09,,736.37,Processed
RET_00510,ORD_003220,2025-11-09,Changed Mind,567.11,Processed
RET_00511,ORD_003521,2025-12-10,Size Issue,1541.54,Processed
RET_00512,ORD_005361,2025-12-14,Changed Mind,1563.71,Rejected
RET_00513,ORD_004433,2025-11-26,Changed Mind,47.31,Processed
RET_00514,ORD_000479,2025-12-30,Quality Issue,250.82,Pending
RET_00515,ORD_000461,2025-10-13,Size Issue,684.69,Processed
RET_00516,ORD_006118,2025-12-31,Size Issue,817.01,Processed
RET_00517,ORD_007799,2025-10-30,,525.2,Processed
RET_00518,ORD_002595,2025-12-14,Quality Issue,1433.35,Processed
RET_00519,ORD_004112,2026-01-02,Size Issue,585.35,Processed
RET_00520,ORD_005489,2025-12-13,Changed Mind,517.43,Processed
RET_00521,ORD_004969,2025-10-29,,734.92,Pending
RET_00522,ORD_002098,2025-12-20,,847.13,Processed
RET_00523,ORD_007684,2025-11-28,Defective,1699.81,Processed
RET_00524,ORD_004588,2025-11-11,Defective,1124.21,Pending
RET_00525,ORD_003500,2025-10-22,Size Issue,188.71,Processed
RET_00526,ORD_003324,2025-12-31,Size Issue,695.86,Processed
RET_00527,ORD_005228,2025-10-20,Defective,102.76,Processed
RET_00528,ORD_002237,2025-10-20,Wrong Item,850.62,Processed
RET_00529,ORD_003961,2025-12-24,Wrong Item,865.52,Processed
RET_00530,ORD_005691,2025-10-29,Changed Mind,1470.63,Processed
RET_00531,ORD_001641,2025-12-30,Defective,1049.42,Processed
RET_00532,ORD_004946,2025-10-19,Size Issue,47.03,Processed
RET_00533,ORD_002334,2025-12-01,,1367.14,Pending
RET_00534,ORD_002075,2025-11-17,Defective,1012.81,Processed
RET_00535,ORD_005912,2025-11-14,,140.81,Processed
RET_00536,ORD_004917,2025-10-29,Wrong Item,1279.74,Processed
RET_00537,ORD_005098,2025-10-30,Changed Mind,226.78,Pending
RET_00538,ORD_005977,2025-12-25,Size Issue,1322.34,Processed
RET_00539,ORD_005537,2025-11-20,Quality Issue,441.34,Processed
RET_00540,ORD_000192,2025-10-16,Defective,1345.35,Processed
RET_00541,ORD_007681,2025-11-30,Changed Mind,793.54,Pending
RET_00542,ORD_005570,2025-12-19,Defective,279.75,Processed
RET_00543,ORD_000172,2025-11-13,Wrong Item,784.66,Processed
RET_00544,ORD_003599,2025-11-10,,1009.82,Processed
RET_00545,ORD_002293,2025-11-13,Size Issue,491.88,Processed
RET_00546,ORD_006480,2025-11-19,,580.31,Processed
RET_00547,ORD_003289,2025-11-22,,106.85,Rejected
RET_00548,ORD_000127,2025-11-07,Quality Issue,248.59,Processed
RET_00549,ORD_005417,2025-10-26,Wrong Item,521.01,Processed
RET_00550,ORD_005017,2025-12-30,Size Issue,1116.61,Processed
RET_00551,ORD_007341,2025-12-09,Defective,1287.71,Processed
RET_00552,ORD_007172,2025-11-07,Defective,225.62,Processed
RET_00553,ORD_005273,2025-12-26,Size Issue,985.67,Processed
RET_00554,ORD_001017,2025-12-03,Wrong Item,403.07,Processed
RET_00555,ORD_007455,2025-11-12,Wrong Item,854.88,Processed
RET_00556,ORD_001938,2026-01-05,Size Issue,825.45,Processed
RET_00557,ORD_007881,2025-11-06,,1283.71,Processed
RET_00558,ORD_004960,2025-12-08,Changed Mind,487.73,Processed
RET_00559,ORD_000244,2025-12-24,Defective,742.43,Pending
RET_00560,ORD_005036,2025-11-19,Changed Mind,673.43,Processed
RET_00561,ORD_001283,2025-11-17,Size Issue,243.77,Processed
RET_00562,ORD_003684,2025-12-26,Wrong Item,933.66,Processed
RET_00563,ORD_005452,2025-11-11,Defective,1133.03,Pending
RET_00564,ORD_000593,2025-10-19,,472.65,Processed
RET_00565,ORD_002581,2025-12-26,Size Issue,172.95,Pending
RET_00566,ORD_005272,2025-12-27,Wrong Item,978.17,Processed
RET_00567,ORD_003742,2025-12-01,Quality Issue,886.33,Pending
RET_00568,ORD_006440,2026-01-03,Defective,1052.7,Processed
RET_00569,ORD_005471,2025-12-09,Defective,1296.38,Pending
RET_00570,ORD_005593,2025-11-02,Changed Mind,644.85,Pending
RET_00571,ORD_006567,2025-10-16,,667.09,Rejected
RET_00572,ORD_003581,2025-12-03,Changed Mind,277.2,Processed
RET_00573,ORD_001320,2025-12-12,Wrong Item,353.32,Pending
RET_00574,ORD_002162,2025-12-18,,755.11,Pending
RET_00575,ORD_005849,2025-11-08,Size Issue,1293.3,Rejected
RET_00576,ORD_000538,2025-10-14,Quality Issue,897.56,Rejected
RET_00577,ORD_000417,2025-11-20,Defective,798.37,Processed
RET_00578,ORD_002614,2025-10-28,,685.53,Processed
RET_00579,ORD_007434,2025-12-04,Defective,322.76,Processed
RET_00580,ORD_007069,2025-11-28,,441.9,Processed
RET_00581,ORD_001868,2026-01-10,Quality Issue,1326.09,Processed
RET_00582,ORD_003676,2025-10-12,Wrong Item,1370.99,Pending
RET_00583,ORD_004495,2025-12-05,Changed Mind,506.96,Processed
RET_00584,ORD_000902,2025-11-13,Size Issue,1426.65,Rejected
RET_00585,ORD_005709,2025-11-13,Quality Issue,791.22,Rejected
RET_00586,ORD_006723,2025-10-13,Changed Mind,1169.72,Pending
RET_00587,ORD_007747,2025-11-26,Size Issue,1120.71,Processed
RET_00588,ORD_000673,2025-12-01,Changed Mind,174.78,Processed
RET_00589,ORD_001840,2025-11-04,Size Issue,1570.41,Pending
RET_00590,ORD_004725,2025-10-15,,661.7,Processed
RET_00591,ORD_003459,2025-10-14,Wrong Item,137.91,Processed
RET_00592,ORD_004309,2025-11-27,,1055.05,Processed
RET_00593,ORD_007859,2025-12-31,Changed Mind,1658.32,Processed
RET_00594,ORD_000542,2025-12-22,Defective,512.54,Processed
RET_00595,ORD_006916,2025-11-08,,301.79,Processed
RET_00596,ORD_004916,2025-12-01,,141.43,Pending
RET_00597,ORD_005330,2025-11-06,,874.44,Processed
RET_00598,ORD_004356,2025-10-16,Size Issue,1107.35,Processed
RET_00599,ORD_003483,2026-01-08,Quality Issue,413.06,Processed
RET_00600,ORD_004626,2025-10-24,Changed Mind,92.63,Rejected
RET_00601,ORD_002681,2025-10-19,Wrong Item,895.8,Pending
RET_00602,ORD_001494,2025-12-05,,1140.24,Processed
RET_00603,ORD_001010,2025-10-22,,53.55,Rejected
RET_00604,ORD_007770,2025-11-03,Size Issue,377.29,Processed
RET_00605,ORD_007234,2025-12-23,Size Issue,705.1,Processed
RET_00606,ORD_003972,2025-12-23,Size Issue,460.08,Pending
RET_00607,ORD_007237,2025-12-06,Quality Issue,425.86,Processed
RET_00608,ORD_003320,2025-10-29,Quality Issue,378.97,Pending
RET_00609,ORD_003962,2025-12-26,Wrong Item,679.22,Processed
RET_00610,ORD_006674,2025-11-20,Wrong Item,273.54,Processed
RET_00611,ORD_004156,2025-11-27,Wrong Item,1342.78,Processed
RET_00612,ORD_006254,2025-10-15,Defective,367.84,Processed
RET_00613,ORD_007367,2025-11-03,Quality Issue,1136.94,Processed
RET_00614,ORD_001508,2025-11-13,Size Issue,823.29,Rejected
RET_00615,ORD_000750,2025-10-31,,767.76,Processed
RET_00616,ORD_000262,2025-12-22,Wrong Item,1175.91,Pending
RET_00617,ORD_007159,2025-12-10,Defective,1538.74,Processed
RET_00618,ORD_002901,2025-10-18,,386.3,Pending
RET_00619,ORD_005989,2025-12-24,Wrong Item,1536.82,Processed
RET_00620,ORD_002045,2025-10-20,Size Issue,474.73,Processed
RET_00621,ORD_001486,2025-11-09,Wrong Item,657.08,Pending
RET_00622,ORD_002543,2026-01-03,Quality Issue,1600.89,Processed
RET_00623,ORD_001832,2025-12-03,Changed Mind,439.21,Pending
RET_00624,ORD_007274,2025-10-28,,728.37,Processed
RET_00625,ORD_003659,2025-12-20,Wrong Item,1317.25,Rejected
RET_00626,ORD_001971,2025-11-19,Size Issue,810.12,Processed
RET_00627,ORD_006993,2025-12-02,Defective,237.25,Processed
RET_00628,ORD_006866,2025-11-16,Quality Issue,508.65,Processed
RET_00629,ORD_000128,2025-12-01,Wrong Item,1895.41,Processed
RET_00630,ORD_006094,2026-01-09,Wrong Item,1661.11,Processed
RET_00631,ORD_003982,2025-10-12,,866.02,Pending
RET_00632,ORD_002857,2026-01-02,Wrong Item,1025.64,Rejected
RET_00633,ORD_006859,2025-12-09,Wrong Item,221.57,Processed
RET_00634,ORD_004719,2025-11-30,,324.39,Processed
RET_00635,ORD_002638,2025-10-20,Size Issue,365.64,Processed
RET_00636,ORD_000708,2025-11-08,Changed Mind,774.42,Pending
RET_00637,ORD_007365,2025-12-11,Size Issue,156.97,Pending
RET_00638,ORD_002628,2025-12-11,Quality Issue,727.16,Processed
RET_00639,ORD_003124,2025-12-21,Wrong Item,203.54,Processed
RET_00640,ORD_000014,2026-01-03,,617.11,Rejected
RET_00641,ORD_002076,2025-11-06,Changed Mind,747.51,Rejected
RET_00642,ORD_002722,2025-12-27,Defective,633.62,Processed
RET_00643,ORD_006643,2025-11-29,Changed Mind,596.99,Processed
RET_00644,ORD_003195,2025-12-23,Quality Issue,1170.45,Processed
RET_00645,ORD_001817,2025-12-17,Defective,1143.55,Processed
RET_00646,ORD_004419,2025-12-21,Size Issue,712.22,Pending
RET_00647,ORD_007040,2025-12-15,Wrong Item,1505.72,Processed
RET_00648,ORD_001524,2026-01-03,Defective,781.7,Rejected
RET_00649,ORD_000257,2025-11-24,Size Issue,1296.67,Processed
RET_00650,ORD_000208,2025-12-31,,1257.23,Processed
RET_00651,ORD_007418,2025-10-22,Wrong Item,855.63,Processed
RET_00652,ORD_002749,2025-12-30,,728.27,Processed
RET_00653,ORD_000787,2025-12-23,Defective,975.55,Pending
RET_00654,ORD_002897,2025-12-17,,534.23,Processed
RET_00655,ORD_003987,2025-11-05,,1158.47,Processed
RET_00656,ORD_006492,2025-11-14,Size Issue,530.66,Pending
RET_00657,ORD_006275,2025-10-24,,494.03,Processed
RET_00658,ORD_002769,2025-11-26,Quality Issue,1159.02,Rejected
RET_00659,ORD_003726,2025-12-19,,976.58,Processed
RET_00660,ORD_001510,2025-12-08,,1121.32,Processed
RET_00661,ORD_001881,2025-11-11,Wrong Item,31.81,Pending
RET_00662,ORD_003290,2025-10-17,,1062.34,Pending
RET_00663,ORD_003537,2025-10-23,Wrong Item,1104.17,Pending
RET_00664,ORD_003668,2025-12-23,,275.04,Processed
RET_00665,ORD_001708,2026-01-11,Defective,587.62,Processed
RET_00666,ORD_001325,2025-10-16,Quality Issue,291.03,Processed
RET_00667,ORD_003041,2025-11-23,,328.5,Processed
RET_00668,ORD_000205,2025-11-20,Size Issue,1399.12,Pending
RET_00669,ORD_007714,2025-12-13,Changed Mind,718.26,Pending
RET_00670,ORD_002708,2025-11-09,Wrong Item,329.47,Processed
RET_00671,ORD_006003,2025-11-13,Defective,720.31,Processed
RET_00672,ORD_001603,2025-12-01,Quality Issue,596.8,Processed
RET_00673,ORD_005096,2025-11-19,Size Issue,673.38,Processed
RET_00674,ORD_004850,2025-12-31,Wrong Item,721.38,Processed
RET_00675,ORD_003526,2025-11-07,Wrong Item,853.22,Processed
RET_00676,ORD_002775,2025-12-06,Size Issue,1293.17,Processed
RET_00677,ORD_000225,2025-10-31,Quality Issue,1159.82,Rejected
RET_00678,ORD_003507,2025-10-16,Size Issue,703.23,Processed
RET_00679,ORD_005510,2025-10-17,Defective,305.0,Processed
RET_00680,ORD_002145,2025-11-01,Changed Mind,361.28,Rejected
RET_00681,ORD_005343,2025-12-12,Quality Issue,676.0,Processed
RET_00682,ORD_006809,2025-12-17,Defective,450.59,Processed
RET_00683,ORD_004116,2025-11-08,Defective,331.24,Processed
RET_00684,ORD_007352,2025-11-21,Defective,199.36,Pending
RET_00685,ORD_003841,2025-10-12,Defective,1009.97,Processed
RET_00686,ORD_005488,2025-12-25,Changed Mind,523.03,Processed
RET_00687,ORD_002454,2025-10-29,Size Issue,463.9,Pending
RET_00688,ORD_006856,2025-11-22,Changed Mind,925.55,Processed
RET_00689,ORD_007921,2026-01-02,Quality Issue,835.49,Processed
RET_00690,ORD_000098,2026-01-03,Quality Issue,41.69,Processed
RET_00691,ORD_005579,2025-12-25,Changed Mind,344.28,Pending
RET_00692,ORD_005974,2025-11-01,Size Issue,698.96,Processed
RET_00693,ORD_004926,2025-10-31,Size Issue,510.85,Processed
RET_00694,ORD_006353,2025-10-15,Defective,749.76,Processed
RET_00695,ORD_001347,2025-12-24,Defective,975.69,Pending
RET_00696,ORD_007421,2025-11-29,Size Issue,706.77,Rejected
RET_00697,ORD_002412,2026-01-06,,663.22,Processed
RET_00698,ORD_004037,2025-11-18,Quality Issue,654.88,Processed
RET_00699,ORD_002452,2025-12-13,Defective,686.45,Processed
RET_00700,ORD_000018,2025-10-29,Changed Mind,450.62,Processed
RET_00701,ORD_003434,2025-10-29,,1026.31,Processed
RET_00702,ORD_007379,2025-12-19,Quality Issue,672.27,Pending
RET_00703,ORD_003164,2025-12-23,Defective,836.21,Processed
RET_00704,ORD_005967,2025-12-02,Defective,773.37,Pending
RET_00705,ORD_002602,2025-12-14,Size Issue,1410.36,Processed
RET_00706,ORD_002497,2025-10-30,Defective,39.83,Rejected
RET_00707,ORD_005148,2025-12-30,,437.84,Pending
RET_00708,ORD_005369,2026-01-05,Size Issue,198.54,Pending
RET_00709,ORD_006830,2025-12-05,Wrong Item,551.71,Processed
RET_00710,ORD_002193,2025-11-09,Defective,845.67,Processed
RET_00711,ORD_002501,2025-10-20,Changed Mind,689.51,Processed
RET_00712,ORD_001980,2025-11-13,Changed Mind,48.33,Pending
RET_00713,ORD_004424,2025-11-18,Changed Mind,822.03,Rejected
RET_00714,ORD_002968,2025-11-10,Size Issue,1133.69,Rejected
RET_00715,ORD_005283,2026-01-05,Changed Mind,609.86,Processed
RET_00716,ORD_000760,2025-12-09,Size Issue,1061.45,Processed
RET_00717,ORD_003464,2025-11-09,Defective,1045.93,Processed
RET_00718,ORD_006499,2026-01-06,Wrong Item,357.27,Processed
RET_00719,ORD_005358,2025-11-01,,267.76,Processed
RET_00720,ORD_000502,2025-12-05,Wrong Item,1155.99,Rejected
RET_00721,ORD_006270,2026-01-07,Size Issue,212.56,Processed
RET_00722,ORD_006148,2025-11-28,Changed Mind,189.22,Processed
RET_00723,ORD_007419,2025-11-04,Wrong Item,712.4,Processed
RET_00724,ORD_001781,2025-12-21,Wrong Item,397.36,Processed
RET_00725,ORD_005620,2025-11-22,Size Issue,439.95,Processed
RET_00726,ORD_006990,2025-11-01,Defective,352.73,Pending
RET_00727,ORD_005695,2025-11-16,Defective,1539.22,Pending
RET_00728,ORD_004937,2025-11-26,Quality Issue,280.43,Pending
RET_00729,ORD_006344,2026-01-04,Wrong Item,849.72,Processed
RET_00730,ORD_003805,2025-12-23,Wrong Item,193.27,Pending
RET_00731,ORD_003469,2026-01-05,,858.48,Rejected
RET_00732,ORD_005142,2026-01-07,Quality Issue,543.72,Rejected
RET_00733,ORD_003994,2025-11-28,Defective,738.69,Processed
RET_00734,ORD_006028,2025-10-29,Changed Mind,1031.94,Processed
RET_00735,ORD_003062,2025-11-25,Size Issue,873.86,Processed
RET_00736,ORD_000097,2025-10-28,,192.32,Processed
RET_00737,ORD_007649,2025-11-23,Size Issue,258.5,Pending
RET_00738,ORD_006143,2025-11-16,Quality Issue,114.68,Rejected
RET_00739,ORD_000568,2025-11-16,Changed Mind,901.52,Processed
RET_00740,ORD_004384,2025-10-30,Changed Mind,276.43,Processed
RET_00741,ORD_004932,2026-01-03,Size Issue,901.33,Processed
RET_00742,ORD_005015,2025-11-14,Defective,1090.89,Processed
RET_00743,ORD_000227,2025-10-20,Defective,129.18,Processed
RET_00744,ORD_004506,2025-11-17,Wrong Item,957.8,Processed
RET_00745,ORD_004856,2025-11-01,,780.93,Pending
RET_00746,ORD_002096,2025-12-26,,314.03,Rejected
RET_00747,ORD_007716,2025-12-15,Changed Mind,256.37,Processed
RET_00748,ORD_006628,2025-11-29,Quality Issue,910.67,Processed
RET_00749,ORD_000121,2025-11-08,Defective,65.74,Processed
RET_00750,ORD_004543,2025-11-30,Size Issue,152.76,Processed
RET_00751,ORD_004484,2025-11-10,,649.49,Pending
RET_00752,ORD_004062,2025-11-04,Defective,50.72,Processed
RET_00753,ORD_006792,2025-12-29,Defective,114.2,Processed
RET_00754,ORD_007939,2025-10-13,Changed Mind,1123.48,Processed
RET_00755,ORD_000939,2026-01-01,Defective,624.67,Processed
RET_00756,ORD_004022,2025-11-13,Defective,534.22,Processed
RET_00757,ORD_004564,2025-12-16,Wrong Item,776.96,Processed
RET_00758,ORD_000082,2025-12-26,,197.45,Processed
RET_00759,ORD_003757,2025-11-21,,217.4,Processed
RET_00760,ORD_004177,2026-01-05,Size Issue,623.87,Processed
RET_00761,ORD_004728,2025-11-20,Size Issue,51.18,Processed
RET_00762,ORD_003658,2025-12-11,Size Issue,524.78,Processed
RET_00763,ORD_003921,2025-11-14,Wrong Item,195.54,Pending
RET_00764,ORD_007363,2025-11-13,Size Issue,1365.46,Processed
RET_00765,ORD_003523,2025-10-31,Quality Issue,105.11,Processed
RET_00766,ORD_006427,2025-12-28,Size Issue,115.32,Processed
RET_00767,ORD_004835,2025-12-22,,689.22,Processed
RET_00768,ORD_005795,2025-12-29,Quality Issue,1515.08,Pending
RET_00769,ORD_000264,2026-01-08,Size Issue,999.26,Rejected
RET_00770,ORD_003854,2025-11-12,Changed Mind,1244.71,Processed
RET_00771,ORD_005999,2025-12-16,Size Issue,682.36,Processed
RET_00772,ORD_001866,2025-11-08,,618.54,Pending
RET_00773,ORD_002576,2025-12-02,Defective,674.99,Pending
RET_00774,ORD_006952,2025-11-17,Size Issue,1709.44,Processed
RET_00775,ORD_001617,2026-01-04,,1090.32,Processed
RET_00776,ORD_006892,2025-10-28,Wrong Item,1219.6,Processed
RET_00777,ORD_001145,2026-01-01,Defective,1179.23,Processed
RET_00778,ORD_003620,2025-11-26,Wrong Item,1217.21,Pending
RET_00779,ORD_007789,2025-11-29,Wrong Item,1262.68,Processed
RET_00780,ORD_002328,2025-12-26,Wrong Item,928.54,Processed
RET_00781,ORD_002520,2025-10-23,,1859.86,Processed
RET_00782,ORD_001187,2025-12-05,Wrong Item,165.39,Rejected
RET_00783,ORD_004830,2025-12-25,Wrong Item,1009.51,Processed
RET_00784,ORD_001879,2025-12-28,Wrong Item,1540.17,Rejected
RET_00785,ORD_004678,2025-11-24,Defective,255.38,Processed
RET_00786,ORD_003279,2025-11-04,,1651.36,Processed
RET_00787,ORD_001293,2025-12-14,Wrong Item,116.25,Processed
RET_00788,ORD_004035,2025-12-23,Size Issue,484.45,Processed
RET_00789,ORD_000221,2025-12-26,Size Issue,419.56,Rejected
RET_00790,ORD_002229,2025-12-18,Quality Issue,790.82,Pending
RET_00791,ORD_007358,2025-12-07,Quality Issue,568.64,Rejected
RET_00792,ORD_007613,2025-11-30,,1453.64,Processed
RET_00793,ORD_002743,2025-11-29,Size Issue,371.09,Pending
RET_00794,ORD_004704,2025-10-19,Changed Mind,659.21,Rejected
RET_00795,ORD_000891,2025-12-11,Quality Issue,715.14,Processed
RET_00796,ORD_000406,2025-10-27,Wrong Item,1569.59,Pending
RET_00797,ORD_002155,2025-12-09,,706.37,Processed
RET_00798,ORD_007892,2025-10-20,Quality Issue,475.51,Processed
RET_00799,ORD_000553,2025-10-22,Quality Issue,436.5,Processed
RET_00800,ORD_004125,2025-10-29,,566.55,Processed
